"Designator","Footprint","Mid X","Mid Y","Ref X","Ref Y","Pad X","Pad Y","Layer","Rotation","Comment"
""
"YO5","SMD_OSCCF250X320X90-4N","1649.606mil","645.669mil","1649.606mil","645.669mil","1698.819mil","685.039mil","T","270.00",""
"Y1","SMD_HC49_XTAL1140X480X420N","3539.37mil","1334.646mil","3539.37mil","1334.646mil","3722.441mil","1334.646mil","T","180.00","4.00MHz HC49/4HSMX"
"U9","SMD_SOIC127P620X160-8N","2700.787mil","1125.992mil","2700.787mil","1125.984mil","2590.551mil","1200.984mil","T","0.00","BD18KA5WF-E2"
"U7","SMD_TO254P1542X460-3_4N","3498.578mil","2111.537mil","3546.806mil","2111.537mil","3294.838mil","2211.537mil","T","0.00","L7805CD2T-TR"
"U6","SMD_SOIC127P620X160-8N","2952.748mil","1645.669mil","2952.756mil","1645.669mil","2877.756mil","1535.433mil","T","90.00","BD33KA5WF-E2"
"U29","SMD_SOIC127P620X160-8N","2700.787mil","874.024mil","2700.787mil","874.016mil","2590.551mil","949.016mil","T","0.00","BD00KA5WF-E2"
"U24","SMD_QFN50P600X600X80-43","1362.656mil","3273.216mil","1362.656mil","3273.216mil","1478.798mil","3184.633mil","T","180.00","DB_VALUE"
"U20","SMD_QFN50P600X600X80-43","630.372mil","3273.216mil","630.372mil","3273.216mil","746.514mil","3184.633mil","T","180.00","DB_VALUE"
"U17","SMD_QFN50P600X600X80-43","2827.223mil","3273.216mil","2827.223mil","3273.216mil","2943.365mil","3184.633mil","T","180.00","DB_VALUE"
"U13","SMD_QFN50P600X600X80-43","2094.939mil","3273.216mil","2094.939mil","3273.216mil","2211.081mil","3184.633mil","T","180.00","DB_VALUE"
"U10","SMD_QFP50P1200X1200X120-64N","3305.413mil","670.592mil","3305.413mil","670.592mil","3157.776mil","444.214mil","T","90.00","dsPIC33EP256MU806"
"U1","SMD_BGA480C80P22X22","1181.102mil","1181.102mil","1181.102mil","1181.102mil","1588.583mil","773.622mil","T","270.00","IC_RockerBox"
"R9","SMD_0603_RESC1608X55N","3137.795mil","1059.055mil","3137.795mil","1059.055mil","3137.795mil","1027.559mil","T","90.00","10k"
"R8","SMD_0603_RESC1608X55N","2940.945mil","248.031mil","2940.945mil","248.031mil","2940.945mil","279.528mil","T","270.00","1k"
"R7","SMD_0603_RESC1608X55N","3003.937mil","248.031mil","3003.937mil","248.031mil","3003.937mil","279.528mil","T","270.00","1k"
"R6","SMD_0603_RESC1608X55N","2374.016mil","523.622mil","2374.016mil","523.622mil","2405.512mil","523.622mil","T","180.00","10k"
"R3","SMD_0603_RESC1608X55N","791.79mil","3064.554mil","791.79mil","3064.554mil","791.79mil","3033.058mil","T","90.00","100R"
"R29","SMD_0603_RESC1608X55N","2720.472mil","625.984mil","2720.472mil","625.984mil","2720.472mil","657.48mil","T","270.00","1k"
"R28","SMD_0603_RESC1608X55N","2515.748mil","803.15mil","2515.748mil","803.15mil","2515.748mil","834.646mil","T","270.00","10k"
"R27","SMD_0603_RESC1608X55N","2515.748mil","925.197mil","2515.748mil","925.197mil","2515.748mil","956.693mil","T","270.00","2k"
"R24","SMD_0603_RESC1608X55N","2988.64mil","3064.554mil","2988.64mil","3064.554mil","2988.64mil","3033.058mil","T","90.00","100R"
"R23","SMD_0603_RESC1608X55N","2925.648mil","3064.554mil","2925.648mil","3064.554mil","2925.648mil","3096.05mil","T","270.00","10k"
"R22","SMD_0603_RESC1608X55N","2940.945mil","370.079mil","2940.945mil","370.079mil","2940.945mil","338.583mil","T","90.00","1k"
"R21","SMD_0603_RESC1608X55N","2783.465mil","625.984mil","2783.465mil","625.984mil","2783.465mil","657.48mil","T","270.00","1k"
"R20","SMD_0603_RESC1608X55N","3003.937mil","370.079mil","3003.937mil","370.079mil","3003.937mil","338.583mil","T","90.00","1k"
"R2","SMD_0603_RESC1608X55N","728.798mil","3064.554mil","728.798mil","3064.554mil","728.798mil","3096.05mil","T","270.00","10k"
"R19","SMD_0603_RESC1608X55N","1524.073mil","3064.554mil","1524.073mil","3064.554mil","1524.073mil","3033.058mil","T","90.00","100R"
"R18","SMD_0603_RESC1608X55N","2807.087mil","133.858mil","2807.087mil","133.858mil","2775.59mil","133.858mil","T","0.00","1k"
"R17","SMD_0603_RESC1608X55N","1461.081mil","3064.554mil","1461.081mil","3064.554mil","1461.081mil","3096.05mil","T","270.00","10k"
"R16","SMD_0603_RESC1608X55N","2256.357mil","3064.554mil","2256.357mil","3064.554mil","2256.357mil","3033.058mil","T","90.00","100R"
"R15","SMD_0603_RESC1608X55N","2193.365mil","3064.554mil","2193.365mil","3064.554mil","2193.365mil","3096.05mil","T","270.00","10k"
"R14","SMD_1206_RESC3216X65N","2799.213mil","1334.646mil","2799.213mil","1334.646mil","2799.213mil","1275.591mil","T","90.00","0R"
"R13","SMD_1206_RESC3216X65N","3192.913mil","2421.26mil","3192.913mil","2421.26mil","3192.913mil","2362.205mil","T","90.00","100R"
"R12","SMD_1206_RESC3216X65N","3161.417mil","1897.638mil","3161.417mil","1897.638mil","3161.417mil","1956.693mil","T","270.00","2R"
"R11","SMD_0603_RESC1608X55N","3161.417mil","1649.606mil","3161.417mil","1649.606mil","3161.417mil","1681.102mil","T","270.00","0R"
"R10","SMD_0603_RESC1608X55N","3484.252mil","1070.866mil","3484.252mil","1070.866mil","3484.252mil","1039.37mil","T","90.00","R"
"R1","SMD_0603_RESC1608X55N","3181.102mil","200.787mil","3181.102mil","200.787mil","3149.606mil","200.787mil","T","0.00","10k"
"Q51","SMD_SOT23_SOT95P240X112-3N","2787.644mil","237.306mil","2787.644mil","237.306mil","2742.369mil","274.707mil","T","0.00","BSS138"
"L7","SMT_INDM135130X800N","2720.924mil","2670.854mil","2720.924mil","2670.854mil","2720.924mil","2872.625mil","T","270.00","DB_VALUE"
"L3","SMT_INDM135130X800N","1988.64mil","2670.854mil","1988.64mil","2670.854mil","1988.64mil","2872.625mil","T","270.00","DB_VALUE"
"L14","SMT_INDM135130X800N","1256.357mil","2670.854mil","1256.357mil","2670.854mil","1256.357mil","2872.625mil","T","270.00","DB_VALUE"
"L10","SMT_INDM135130X800N","524.073mil","2670.854mil","524.073mil","2670.854mil","524.073mil","2872.625mil","T","270.00","DB_VALUE"
"J9","PTH_MTG400_700","196.85mil","196.85mil","196.85mil","196.85mil","196.85mil","196.85mil","T","0.00","PTH_MTG400_700"
"J5","PTH_DC-POWER-JACK_210-112","3570.866mil","2622.047mil","3570.866mil","2523.622mil","3452.756mil","2523.622mil","T","180.00","CON_POWER_JACK_3PIN"
"J4","PTH_HDRV40W6240P254_2X02_M","3476.378mil","1669.291mil","3476.378mil","1669.291mil","3426.378mil","1719.291mil","T","270.00","CON_2ROWS_4PINS-2"
"J3","PTH_CON_HD-351-3P","204.724mil","3311.024mil","204.724mil","3311.024mil","204.724mil","3173.228mil","T","90.00","HD-351-3P"
"J24","PTH_MTG400_700","3740.157mil","3740.157mil","3740.157mil","3740.157mil","3740.157mil","3740.157mil","T","0.00","PTH_MTG400_700"
"J23","PTH_MTG400_700","196.85mil","3740.157mil","196.85mil","3740.157mil","196.85mil","3740.157mil","T","0.00","PTH_MTG400_700"
"J22","PTH_MTG400_700","3740.157mil","196.85mil","3740.157mil","196.85mil","3740.157mil","196.85mil","T","0.00","PTH_MTG400_700"
"J2","SMD_CON-CVILUX-CU04-SCM15B0","3771.653mil","1669.291mil","3763.78mil","1669.291mil","3661.417mil","1606.299mil","T","90.00","CON_USB_MINI_1"
"J15","PTH_MTG400_700","196.85mil","2165.354mil","196.85mil","2165.354mil","196.85mil","2165.354mil","T","0.00","PTH_MTG400_700"
"J14","PTH_MTG400_700","2165.354mil","2165.354mil","2165.354mil","2165.354mil","2165.354mil","2165.354mil","T","0.00","PTH_MTG400_700"
"J13","PTH_MTG400_700","2165.354mil","196.85mil","2165.354mil","196.85mil","2165.354mil","196.85mil","T","0.00","PTH_MTG400_700"
"J12","PTH_CON_WR-MRC4-6P_S","3531.496mil","3082.677mil","3531.496mil","3082.677mil","3639.764mil","3248.032mil","T","270.00","CON_2ROWS_6PINS_1"
"FID2","FID100X200","3818.898mil","3523.622mil","3818.898mil","3523.622mil","3818.898mil","3523.622mil","T","0.00","FIDUCIAL 100X200"
"FID1","FID100X200","366.142mil","94.488mil","366.142mil","94.488mil","366.142mil","94.488mil","T","0.00","FIDUCIAL 100X200"
"D8","SMD_DO214AC_SMA","3311.024mil","2468.504mil","3311.024mil","2468.504mil","3311.024mil","2389.764mil","T","90.00","SS14"
"D6","SMD_SOT457_SOT95P275X110-6N","3267.716mil","1625.984mil","3267.716mil","1625.984mil","3305.118mil","1671.26mil","T","270.00","SMS05T1G"
"D4","SMD_0805_LED2012X100N","2988.189mil","1244.094mil","2988.189mil","1244.094mil","2946.85mil","1244.094mil","T","0.00","LED ORANGE"
"D3","SMD_0805_LED2012X100N","2988.189mil","1322.835mil","2988.189mil","1322.835mil","2946.85mil","1322.835mil","T","0.00","LED YELLOW"
"D28","SMD_DO214AC_SMC","3377.839mil","3658.134mil","3377.839mil","3658.134mil","3511.698mil","3658.134mil","T","180.00","D_TVS_UNI"
"D2","SMD_0805_LED2012X100N","2988.189mil","1165.354mil","2988.189mil","1165.354mil","2946.85mil","1165.354mil","T","0.00","LED GREEN"
"D1","SMD_0805_LED2012X100N","2988.189mil","1086.614mil","2988.189mil","1086.614mil","2946.85mil","1086.614mil","T","0.00","LED RED"
"C99","SMD_1210_CAPC3225X270N","2909.449mil","3803.15mil","2909.449mil","3803.15mil","2909.449mil","3862.205mil","T","270.00","100uF"
"C96","SMD_1210_CAPC3225X270N","1618.11mil","3440.945mil","1618.11mil","3440.945mil","1677.165mil","3440.945mil","T","180.00","100uF"
"C93","SMD_0603_CAPC1608X95N","893.701mil","3299.213mil","893.701mil","3299.213mil","893.701mil","3267.716mil","T","90.00","220nF"
"C92","SMD_1210_CAPC3225X270N","1618.11mil","3598.425mil","1618.11mil","3598.425mil","1677.165mil","3598.425mil","T","180.00","100uF"
"C9","SMD_0402_CAPC1005X55N","3326.772mil","342.52mil","3326.772mil","342.52mil","3326.772mil","360.236mil","T","270.00","100nF"
"C89","SMD_0603_CAPC1608X95N","890.215mil","3096.05mil","890.215mil","3096.05mil","858.719mil","3096.05mil","T","0.00","100nF"
"C85","SMD_0603_CAPC1608X95N","890.215mil","3202.35mil","890.215mil","3202.35mil","921.711mil","3202.35mil","T","180.00","10uF"
"C8","SMD_0402_CAPC1005X55N","3653.543mil","698.819mil","3653.543mil","698.819mil","3653.543mil","716.535mil","T","270.00","100nF"
"C7","SMD_0402_CAPC1005X55N","2927.165mil","641.732mil","2927.165mil","641.732mil","2944.882mil","641.732mil","T","180.00","100nF"
"C668","SMD_1210_CAPC3225X279N","165.48mil","2906.881mil","165.48mil","2906.881mil","106.425mil","2906.881mil","T","0.00","220uF"
"C665","SMD_1210_CAPC3225X279N","165.48mil","2749.401mil","165.48mil","2749.401mil","106.425mil","2749.401mil","T","0.00","220uF"
"C662","SMD_1210_CAPC3225X279N","165.48mil","2591.921mil","165.48mil","2591.921mil","106.425mil","2591.921mil","T","0.00","220uF"
"C659","SMD_1210_CAPC3225X279N","787.402mil","2169.291mil","787.402mil","2169.291mil","787.402mil","2110.236mil","T","90.00","220uF"
"C656","SMD_1210_CAPC3225X279N","165.48mil","2434.441mil","165.48mil","2434.441mil","106.425mil","2434.441mil","T","0.00","220uF"
"C653","SMD_1210_CAPC3225X279N","472.441mil","2169.291mil","472.441mil","2169.291mil","472.441mil","2110.236mil","T","90.00","220uF"
"C605","SMD_1210_CAPC3225X270N","539.37mil","3755.905mil","539.37mil","3755.905mil","480.315mil","3755.905mil","T","0.00","100uF"
"C602","SMD_1210_CAPC3225X270N","539.37mil","3598.425mil","539.37mil","3598.425mil","480.315mil","3598.425mil","T","0.00","100uF"
"C6","SMD_0402_CAPC1005X55N","3635.827mil","537.402mil","3635.827mil","537.402mil","3635.827mil","519.685mil","T","90.00","100nF"
"C599","SMD_1210_CAPC3225X270N","2003.937mil","3755.905mil","2003.937mil","3755.905mil","1944.882mil","3755.905mil","T","0.00","100uF"
"C596","SMD_1210_CAPC3225X270N","2003.937mil","3598.425mil","2003.937mil","3598.425mil","1944.882mil","3598.425mil","T","0.00","100uF"
"C58","SMD_0603_CAPC1608X95N","3087.065mil","3096.05mil","3087.065mil","3096.05mil","3055.569mil","3096.05mil","T","0.00","100nF"
"C54","SMD_0603_CAPC1608X95N","3087.065mil","3202.35mil","3087.065mil","3202.35mil","3118.561mil","3202.35mil","T","180.00","10uF"
"C5","SMD_0402_CAPC1005X55N","3271.653mil","342.52mil","3271.653mil","342.52mil","3271.653mil","360.236mil","T","270.00","100nF"
"C47","SMD_1210_CAPC3225X270N","3082.677mil","3440.945mil","3082.677mil","3440.945mil","3141.732mil","3440.945mil","T","180.00","100uF"
"C43","SMD_1210_CAPC3225X270N","2350.394mil","3440.945mil","2350.394mil","3440.945mil","2409.449mil","3440.945mil","T","180.00","100uF"
"C42","SMD_1210_CAPC3225X270N","2350.394mil","3598.425mil","2350.394mil","3598.425mil","2409.449mil","3598.425mil","T","180.00","100uF"
"C41","SMD_1210_CAPC3225X270N","3082.677mil","3598.425mil","3082.677mil","3598.425mil","3141.732mil","3598.425mil","T","180.00","100uF"
"C407","SMD_1210_CAPC3225X270N","1271.653mil","3755.905mil","1271.653mil","3755.905mil","1212.598mil","3755.905mil","T","0.00","100uF"
"C406","SMD_1210_CAPC3225X270N","1271.653mil","3598.425mil","1271.653mil","3598.425mil","1212.598mil","3598.425mil","T","0.00","100uF"
"C405","SMD_1210_CAPC3225X270N","885.827mil","3755.905mil","885.827mil","3755.905mil","944.882mil","3755.905mil","T","180.00","100uF"
"C404","SMD_1210_CAPC3225X270N","712.598mil","3803.15mil","712.598mil","3803.15mil","712.598mil","3862.205mil","T","270.00","100uF"
"C401","SMD_1210_CAPC3225X279N","897.764mil","2906.881mil","897.764mil","2906.881mil","838.709mil","2906.881mil","T","0.00","220uF"
"C400","SMD_1210_CAPC3225X279N","897.764mil","2749.401mil","897.764mil","2749.401mil","838.709mil","2749.401mil","T","0.00","220uF"
"C4","SMD_0402_CAPC1005X55N","3401.575mil","992.126mil","3401.575mil","992.126mil","3383.858mil","992.126mil","T","0.00","100nF"
"C399","SMD_1210_CAPC3225X279N","897.764mil","2591.921mil","897.764mil","2591.921mil","838.709mil","2591.921mil","T","0.00","220uF"
"C398","SMD_1210_CAPC3225X279N","629.921mil","2169.291mil","629.921mil","2169.291mil","629.921mil","2110.236mil","T","90.00","220uF"
"C397","SMD_1210_CAPC3225X279N","944.882mil","2169.291mil","944.882mil","2169.291mil","944.882mil","2110.236mil","T","90.00","220uF"
"C382","SMD_1210_CAPC3225X279N","2362.331mil","2906.881mil","2362.331mil","2906.881mil","2303.276mil","2906.881mil","T","0.00","220uF"
"C381","SMD_1210_CAPC3225X279N","2362.331mil","2749.401mil","2362.331mil","2749.401mil","2303.276mil","2749.401mil","T","0.00","220uF"
"C377","SMD_1210_CAPC3225X279N","1630.047mil","2906.881mil","1630.047mil","2906.881mil","1570.992mil","2906.881mil","T","0.00","220uF"
"C376","SMD_1210_CAPC3225X279N","1630.047mil","2749.401mil","1630.047mil","2749.401mil","1570.992mil","2749.401mil","T","0.00","220uF"
"C375","SMD_1210_CAPC3225X279N","1630.047mil","2591.921mil","1630.047mil","2591.921mil","1570.992mil","2591.921mil","T","0.00","220uF"
"C374","SMD_1210_CAPC3225X270N","2350.394mil","3755.905mil","2350.394mil","3755.905mil","2409.449mil","3755.905mil","T","180.00","100uF"
"C373","SMD_1210_CAPC3225X270N","2177.165mil","3803.15mil","2177.165mil","3803.15mil","2177.165mil","3862.205mil","T","270.00","100uF"
"C347","SMD_0603_CAPC1608X95N","2905.512mil","1460.63mil","2905.512mil","1460.63mil","2874.016mil","1460.63mil","T","0.00","1uF"
"C30","SMD_0603_CAPC1608X95N","2358.268mil","3299.213mil","2358.268mil","3299.213mil","2358.268mil","3267.716mil","T","90.00","220nF"
"C3","SMD_0603_CAPC1608X95N","3608.268mil","399.606mil","3608.268mil","399.606mil","3608.268mil","431.102mil","T","270.00","1nF"
"C276","SMD_1210_CAPC3225X279N","2362.331mil","2591.921mil","2362.331mil","2591.921mil","2303.276mil","2591.921mil","T","0.00","220uF"
"C273","SMD_1210_CAPC3225X279N","3082.677mil","2248.032mil","3082.677mil","2248.032mil","3141.732mil","2248.032mil","T","180.00","220uF"
"C270","SMD_1210_CAPC3225X279N","2362.331mil","2434.441mil","2362.331mil","2434.441mil","2303.276mil","2434.441mil","T","0.00","220uF"
"C267","SMD_1210_CAPC3225X279N","1417.323mil","2169.291mil","1417.323mil","2169.291mil","1417.323mil","2110.236mil","T","90.00","220uF"
"C262","SMD_1210_CAPC3225X279N","2755.905mil","2169.291mil","2755.905mil","2169.291mil","2755.905mil","2110.236mil","T","90.00","220uF"
"C261","SMD_1210_CAPC3225X279N","2913.386mil","2169.291mil","2913.386mil","2169.291mil","2913.386mil","2110.236mil","T","90.00","220uF"
"C260","SMD_1210_CAPC3225X279N","3082.677mil","2590.551mil","3082.677mil","2590.551mil","3141.732mil","2590.551mil","T","180.00","220uF"
"C26","SMD_0603_CAPC1608X95N","2354.782mil","3096.05mil","2354.782mil","3096.05mil","2323.286mil","3096.05mil","T","0.00","100nF"
"C259","SMD_1210_CAPC3225X270N","2736.22mil","3755.905mil","2736.22mil","3755.905mil","2677.165mil","3755.905mil","T","0.00","100uF"
"C258","SMD_1210_CAPC3225X270N","2736.22mil","3598.425mil","2736.22mil","3598.425mil","2677.165mil","3598.425mil","T","0.00","100uF"
"C257","SMD_0603_CAPC1608X95N","3090.551mil","3299.213mil","3090.551mil","3299.213mil","3090.551mil","3267.716mil","T","90.00","220nF"
"C256","SMD_1210_CAPC3225X279N","2165.354mil","472.441mil","2165.354mil","472.441mil","2106.299mil","472.441mil","T","0.00","220uF"
"C255","SMD_1210_CAPC3225X279N","1889.764mil","196.85mil","1889.764mil","196.85mil","1889.764mil","255.905mil","T","270.00","220uF"
"C254","SMD_1210_CAPC3225X279N","196.85mil","472.441mil","196.85mil","472.441mil","255.905mil","472.441mil","T","180.00","220uF"
"C253","SMD_1210_CAPC3225X279N","2165.354mil","1574.803mil","2165.354mil","1574.803mil","2106.299mil","1574.803mil","T","0.00","220uF"
"C252","SMD_1210_CAPC3225X279N","2165.354mil","1732.284mil","2165.354mil","1732.284mil","2106.299mil","1732.284mil","T","0.00","220uF"
"C251","SMD_1210_CAPC3225X279N","2165.354mil","1889.764mil","2165.354mil","1889.764mil","2106.299mil","1889.764mil","T","0.00","220uF"
"C250","SMD_1210_CAPC3225X279N","2165.354mil","1102.362mil","2165.354mil","1102.362mil","2106.299mil","1102.362mil","T","0.00","220uF"
"C249","SMD_1210_CAPC3225X279N","2165.354mil","1259.842mil","2165.354mil","1259.842mil","2106.299mil","1259.842mil","T","0.00","220uF"
"C248","SMD_1210_CAPC3225X279N","2165.354mil","1417.323mil","2165.354mil","1417.323mil","2106.299mil","1417.323mil","T","0.00","220uF"
"C247","SMD_1210_CAPC3225X279N","2165.354mil","629.921mil","2165.354mil","629.921mil","2106.299mil","629.921mil","T","0.00","220uF"
"C246","SMD_1210_CAPC3225X279N","2165.354mil","787.402mil","2165.354mil","787.402mil","2106.299mil","787.402mil","T","0.00","220uF"
"C245","SMD_1210_CAPC3225X279N","2165.354mil","944.882mil","2165.354mil","944.882mil","2106.299mil","944.882mil","T","0.00","220uF"
"C244","SMD_1210_CAPC3225X279N","1417.323mil","196.85mil","1417.323mil","196.85mil","1417.323mil","255.905mil","T","270.00","220uF"
"C243","SMD_1210_CAPC3225X279N","1574.803mil","196.85mil","1574.803mil","196.85mil","1574.803mil","255.905mil","T","270.00","220uF"
"C242","SMD_1210_CAPC3225X279N","1732.283mil","196.85mil","1732.283mil","196.85mil","1732.283mil","255.905mil","T","270.00","220uF"
"C241","SMD_1210_CAPC3225X279N","944.882mil","196.85mil","944.882mil","196.85mil","944.882mil","255.905mil","T","270.00","220uF"
"C240","SMD_1210_CAPC3225X279N","1102.362mil","196.85mil","1102.362mil","196.85mil","1102.362mil","255.905mil","T","270.00","220uF"
"C239","SMD_1210_CAPC3225X279N","1259.842mil","196.85mil","1259.842mil","196.85mil","1259.842mil","255.905mil","T","270.00","220uF"
"C238","SMD_1210_CAPC3225X279N","472.441mil","196.85mil","472.441mil","196.85mil","472.441mil","255.905mil","T","270.00","220uF"
"C237","SMD_1210_CAPC3225X279N","629.921mil","196.85mil","629.921mil","196.85mil","629.921mil","255.905mil","T","270.00","220uF"
"C233","SMD_0603_CAPC1608X95N","1637.795mil","913.386mil","1637.795mil","913.386mil","1637.795mil","944.882mil","T","270.00","470nF"
"C232","SMD_0402_CAPC1005X55N","2460.63mil","937.008mil","2460.63mil","937.008mil","2460.63mil","954.724mil","T","270.00","100nF"
"C231","SMD_0805_CAPC2012X145N","2480.315mil","1055.118mil","2480.315mil","1055.118mil","2480.315mil","1019.685mil","T","90.00","22uF"
"C227","SMD_0603_CAPC1608X95N","1771.653mil","645.669mil","1771.653mil","645.669mil","1771.653mil","614.173mil","T","90.00","470nF"
"C22","SMD_0603_CAPC1608X95N","2354.782mil","3202.35mil","2354.782mil","3202.35mil","2386.278mil","3202.35mil","T","180.00","10uF"
"C216","SMD_1210_CAPC3225X279N","787.402mil","196.85mil","787.402mil","196.85mil","787.402mil","255.905mil","T","270.00","220uF"
"C215","SMD_1210_CAPC3225X279N","196.85mil","944.882mil","196.85mil","944.882mil","255.905mil","944.882mil","T","180.00","220uF"
"C214","SMD_1210_CAPC3225X279N","196.85mil","787.402mil","196.85mil","787.402mil","255.905mil","787.402mil","T","180.00","220uF"
"C213","SMD_1210_CAPC3225X279N","196.85mil","629.921mil","196.85mil","629.921mil","255.905mil","629.921mil","T","180.00","220uF"
"C212","SMD_1210_CAPC3225X279N","196.85mil","1417.323mil","196.85mil","1417.323mil","255.905mil","1417.323mil","T","180.00","220uF"
"C211","SMD_1210_CAPC3225X279N","196.85mil","1259.842mil","196.85mil","1259.842mil","255.905mil","1259.842mil","T","180.00","220uF"
"C210","SMD_1210_CAPC3225X279N","196.85mil","1102.362mil","196.85mil","1102.362mil","255.905mil","1102.362mil","T","180.00","220uF"
"C209","SMD_1210_CAPC3225X279N","196.85mil","1889.764mil","196.85mil","1889.764mil","255.905mil","1889.764mil","T","180.00","220uF"
"C208","SMD_1210_CAPC3225X279N","196.85mil","1732.284mil","196.85mil","1732.284mil","255.905mil","1732.284mil","T","180.00","220uF"
"C207","SMD_1210_CAPC3225X279N","196.85mil","1574.803mil","196.85mil","1574.803mil","255.905mil","1574.803mil","T","180.00","220uF"
"C2","SMD_0603_CAPC1608X95N","2940.945mil","692.913mil","2940.945mil","692.913mil","2972.441mil","692.913mil","T","180.00","10uF"
"C195","SMD_1210_CAPC3225X279N","897.764mil","2434.441mil","897.764mil","2434.441mil","838.709mil","2434.441mil","T","0.00","220uF"
"C192","SMD_1210_CAPC3225X279N","1102.362mil","2169.291mil","1102.362mil","2169.291mil","1102.362mil","2110.236mil","T","90.00","220uF"
"C189","SMD_1210_CAPC3225X279N","1259.842mil","2169.291mil","1259.842mil","2169.291mil","1259.842mil","2110.236mil","T","90.00","220uF"
"C174","SMD_1210_CAPC3225X279N","1574.803mil","2169.291mil","1574.803mil","2169.291mil","1574.803mil","2110.236mil","T","90.00","220uF"
"C17","SMD_0402_CAPC1005X55N","2511.811mil","1271.653mil","2511.811mil","1271.653mil","2511.811mil","1253.937mil","T","90.00","100nF"
"C167","SMD_1210_CAPC3225X279N","2440.937mil","2169.202mil","2440.937mil","2169.202mil","2440.937mil","2110.147mil","T","90.00","220uF"
"C16","SMD_0805_CAPC2012X145N","2618.11mil","1279.527mil","2618.11mil","1279.527mil","2582.677mil","1279.527mil","T","0.00","22uF"
"C15","SMD_0603_CAPC1608X95N","3094.488mil","1649.606mil","3094.488mil","1649.606mil","3094.488mil","1681.102mil","T","270.00","10uF"
"C146","SMD_1210_CAPC3225X279N","1630.047mil","2434.441mil","1630.047mil","2434.441mil","1570.992mil","2434.441mil","T","0.00","220uF"
"C143","SMD_1210_CAPC3225X279N","1732.283mil","2169.291mil","1732.283mil","2169.291mil","1732.283mil","2110.236mil","T","90.00","220uF"
"C140","SMD_1210_CAPC3225X279N","1889.764mil","2169.291mil","1889.764mil","2169.291mil","1889.764mil","2110.236mil","T","90.00","220uF"
"C14","SMD_0805_CAPC2012X145N","2799.213mil","1500mil","2799.213mil","1500mil","2799.213mil","1464.567mil","T","90.00","22uF"
"C134","SMD_1210_CAPC3225X270N","1618.11mil","3755.905mil","1618.11mil","3755.905mil","1677.165mil","3755.905mil","T","180.00","100uF"
"C133","SMD_1210_CAPC3225X270N","1444.882mil","3803.15mil","1444.882mil","3803.15mil","1444.882mil","3862.205mil","T","270.00","100uF"
"C132","SMD_1210_CAPC3225X279N","2598.417mil","2169.202mil","2598.417mil","2169.202mil","2598.417mil","2110.147mil","T","90.00","220uF"
"C13","SMD_1210_CAPC3225X279N","2692.913mil","1523.622mil","2692.913mil","1523.622mil","2692.913mil","1582.677mil","T","270.00","220uF"
"C125","SMD_0603_CAPC1608X95N","1625.984mil","3299.213mil","1625.984mil","3299.213mil","1625.984mil","3267.716mil","T","90.00","220nF"
"C121","SMD_0603_CAPC1608X95N","1622.498mil","3096.05mil","1622.498mil","3096.05mil","1591.002mil","3096.05mil","T","0.00","100nF"
"C12","SMD_0603_CAPC1608X95N","3173.425mil","2055.118mil","3173.425mil","2055.118mil","3173.425mil","2023.622mil","T","90.00","10uF"
"C117","SMD_0603_CAPC1608X95N","1622.498mil","3202.35mil","1622.498mil","3202.35mil","1653.995mil","3202.35mil","T","180.00","10uF"
"C11","SMD_0603_CAPC1608X95N","3311.024mil","1194.882mil","3311.024mil","1194.882mil","3342.52mil","1194.882mil","T","180.00","18pF"
"C107","SMD_1210_CAPC3225X270N","3082.677mil","3755.905mil","3082.677mil","3755.905mil","3141.732mil","3755.905mil","T","180.00","100uF"
"C102","SMD_1210_CAPC3225X270N","885.827mil","3440.945mil","885.827mil","3440.945mil","944.882mil","3440.945mil","T","180.00","100uF"
"C101","SMD_1210_CAPC3225X270N","885.827mil","3598.425mil","885.827mil","3598.425mil","944.882mil","3598.425mil","T","180.00","100uF"
"C10","SMD_0603_CAPC1608X95N","3435.039mil","1194.882mil","3435.039mil","1194.882mil","3403.543mil","1194.882mil","T","0.00","18pF"

